City_ID,City,Country,Lat,Lng,Max Temp,Humidity,Cloudiness,Wind Speed,Current Description
0,Sapu,CN,36.17,107.71,65.05,51,94,1.36,overcast clouds
1,Hilo,US,19.73,-155.09,84.2,62,1,6.93,clear sky
2,Fairbanks,US,64.84,-147.72,59.0,71,90,5.82,overcast clouds
3,Huambo,AO,-12.78,15.74,59.05,33,0,1.7,clear sky
4,Inuvik,CA,68.35,-133.72,46.4,75,90,10.29,light intensity shower rain
5,Touros,BR,-5.2,-35.46,82.4,61,20,14.99,few clouds
6,Pevek,RU,69.7,170.31,41.4,84,59,7.76,broken clouds
7,Butaritari,KI,3.07,172.79,83.05,73,35,8.21,scattered clouds
8,East London,ZA,-33.02,27.91,65.82,77,84,4.47,broken clouds
9,Maridi,SS,4.92,29.47,64.72,95,94,3.69,overcast clouds
10,Marica,BR,-22.92,-42.82,77.0,78,4,12.75,clear sky
11,Vaini,TO,-21.2,-175.2,69.8,83,75,6.93,broken clouds
12,Upernavik,GL,72.79,-56.15,37.71,81,100,8.48,overcast clouds
13,Sile,TR,41.18,29.61,73.99,67,0,1.01,clear sky
14,Rikitea,PF,-23.12,-134.97,73.15,84,6,12.53,clear sky
15,Kaeo,NZ,-35.1,173.78,49.15,85,19,7.31,few clouds
16,Bosaso,SO,11.28,49.18,90.37,54,46,4.29,scattered clouds
17,Ancud,CL,-41.87,-73.82,54.0,78,100,3.0,overcast clouds
18,Cape Town,ZA,-33.93,18.42,61.0,87,0,1.12,clear sky
19,Cherskiy,RU,68.75,161.3,39.43,77,26,10.76,scattered clouds
20,Punta Arenas,CL,-53.15,-70.92,44.6,81,100,8.05,overcast clouds
21,Kapaa,US,22.08,-159.32,82.4,74,75,13.87,broken clouds
22,Kodiak,US,57.79,-152.41,57.2,62,1,11.41,clear sky
23,Georgetown,MY,5.41,100.34,80.01,94,20,4.52,few clouds
24,Port Elizabeth,ZA,-33.92,25.57,57.2,100,20,1.12,fog
25,Barrow,US,71.29,-156.79,37.4,86,90,16.11,mist
26,Khatanga,RU,71.97,102.5,41.31,76,0,8.12,clear sky
27,Tasiilaq,GL,65.61,-37.64,37.4,93,70,5.82,broken clouds
28,Albany,US,42.6,-73.97,79.0,53,19,12.17,few clouds
29,Ushuaia,AR,-54.8,-68.3,46.4,61,75,12.75,broken clouds
30,Otofuke,JP,42.99,143.2,68.61,94,49,1.99,scattered clouds
31,Naze,JP,28.37,129.48,77.0,94,20,2.24,few clouds
32,Sibolga,ID,1.74,98.78,76.08,85,100,2.68,overcast clouds
33,Sao Felix Do Xingu,BR,-6.64,-51.99,101.34,13,0,4.25,clear sky
34,Hobart,AU,-42.88,147.33,59.0,58,100,5.82,overcast clouds
35,Ahipara,NZ,-35.17,173.17,50.04,76,0,5.64,clear sky
36,Ilulissat,GL,69.22,-51.1,39.2,80,75,9.17,shower rain
37,New Norfolk,AU,-42.78,147.06,59.0,58,100,5.82,overcast clouds
38,Hermanus,ZA,-34.42,19.23,60.01,81,0,1.99,clear sky
39,Mount Isa,AU,-20.73,139.5,71.6,35,0,8.05,clear sky
40,Manggar,ID,-2.88,108.27,81.14,80,100,9.69,overcast clouds
41,Barra Do Corda,BR,-5.5,-45.25,99.57,20,17,5.3,few clouds
42,Qidong,CN,31.81,121.66,82.99,69,0,4.27,clear sky
43,Atuona,PF,-9.8,-139.03,78.69,75,94,21.97,overcast clouds
44,Longyearbyen,SJ,78.22,15.64,37.4,87,40,8.05,scattered clouds
45,Tiksi,RU,71.69,128.87,41.67,79,100,10.45,overcast clouds
46,Soderhamn,SE,61.3,17.06,48.0,92,100,10.51,overcast clouds
47,Kaitangata,NZ,-46.28,169.85,43.0,90,1,1.99,clear sky
48,Bredasdorp,ZA,-34.53,20.04,59.0,93,0,10.29,clear sky
49,Manaus,BR,-3.1,-60.02,96.8,47,20,6.93,shower rain
50,Takoradi,GH,4.88,-1.76,75.49,89,29,9.08,scattered clouds
51,Bage,BR,-31.33,-54.11,60.8,59,75,18.34,broken clouds
52,Fortuna,US,40.6,-124.16,75.2,57,20,11.41,few clouds
53,Ahmadpur Sial,PK,30.68,71.75,89.6,75,0,7.25,smoke
54,Oriximina,BR,-1.77,-55.87,95.92,34,100,7.67,overcast clouds
55,Roald,NO,62.58,6.13,57.2,76,75,20.8,shower rain
56,Mataura,NZ,-46.19,168.86,45.0,72,8,11.01,clear sky
57,Busselton,AU,-33.65,115.33,48.0,79,60,10.4,broken clouds
58,Carnarvon,AU,-24.87,113.63,62.6,100,40,11.41,scattered clouds
59,Provideniya,RU,64.38,-173.3,44.6,65,100,13.42,overcast clouds
60,Otjiwarongo,NA,-20.46,16.65,69.69,24,0,9.78,clear sky
61,Baiyin,CN,36.56,104.21,68.0,62,1,2.24,clear sky
62,Broome,US,42.25,-75.83,78.01,50,1,14.99,clear sky
63,Souillac,MU,-20.52,57.52,71.6,94,40,10.29,shower rain
64,Mahebourg,MU,-20.41,57.7,71.6,94,40,10.29,shower rain
65,Ribeira Grande,PT,38.52,-28.7,71.6,68,40,16.11,scattered clouds
66,Coquimbo,CL,-29.95,-71.34,59.0,67,4,12.75,clear sky
67,Port Alfred,ZA,-33.59,26.89,61.66,88,3,8.16,clear sky
68,Chokurdakh,RU,70.63,147.92,32.34,97,99,6.2,overcast clouds
69,Cabo San Lucas,MX,22.89,-109.91,86.0,70,75,8.05,broken clouds
70,Faanui,PF,-16.48,-151.75,77.16,82,0,16.11,moderate rain
71,Pestera,RO,44.18,28.13,73.4,94,0,5.82,clear sky
72,Esperance,AU,-33.87,121.9,44.6,100,40,9.17,scattered clouds
73,Bluff,NZ,-46.6,168.33,45.0,72,14,11.01,few clouds
74,Caravelas,BR,-17.71,-39.25,74.73,77,13,8.46,few clouds
75,Yellowknife,CA,62.46,-114.35,53.01,43,40,12.75,scattered clouds
76,Zhangye,CN,38.93,100.45,70.29,28,99,5.5,overcast clouds
77,Ossora,RU,59.24,163.07,49.98,93,100,19.1,moderate rain
78,Castro,BR,-24.79,-50.01,76.17,50,55,7.45,broken clouds
79,Hienghene,NC,-20.68,164.93,69.71,82,100,11.43,light rain
80,Victoria,HK,22.29,114.16,84.0,86,99,1.99,moderate rain
81,Jamestown,US,42.1,-79.24,66.0,88,75,13.87,broken clouds
82,Chornobayivka,UA,46.69,32.55,69.8,68,0,2.24,clear sky
83,Tuatapere,NZ,-46.13,167.68,45.0,72,15,11.01,few clouds
84,Puerto Ayora,EC,-0.74,-90.35,77.0,61,40,12.75,scattered clouds
85,Anadyr,RU,64.75,177.48,35.6,67,0,4.47,clear sky
86,Bethel,US,41.37,-73.41,77.0,53,1,13.87,clear sky
87,Lubango,AO,-14.92,13.49,57.15,85,4,2.04,clear sky
88,Narasannapeta,IN,18.42,84.05,81.23,87,66,5.5,broken clouds
89,Lebu,CL,-37.62,-73.65,53.74,72,4,9.1,clear sky
90,Bengkulu,ID,-3.8,102.27,75.49,89,1,6.91,clear sky
91,Primo Tapia,MX,32.22,-116.92,100.0,43,1,5.82,clear sky
92,Saint George,US,37.1,-113.58,97.0,9,1,4.7,clear sky
93,Sumbe,AO,-11.21,13.84,72.9,80,0,5.44,clear sky
94,Pitea,SE,65.32,21.48,51.8,87,88,4.7,overcast clouds
95,Tuktoyaktuk,CA,69.45,-133.04,46.4,87,90,12.75,light rain
96,Alexandria,EG,31.22,29.96,82.4,69,40,6.93,scattered clouds
97,Kahului,US,20.89,-156.47,86.0,51,20,12.75,few clouds
98,Stepnoye,RU,51.4,46.87,68.0,12,90,5.99,overcast clouds
99,Ensenada,MX,31.87,-116.62,77.0,82,3,8.99,clear sky
100,Grindavik,IS,63.84,-22.43,46.4,87,75,8.05,broken clouds
101,Leningradskiy,RU,69.38,178.42,39.76,78,0,11.14,clear sky
102,Gat,IL,31.61,34.76,82.99,79,0,1.01,clear sky
103,Constitucion,CL,-35.33,-72.42,54.68,73,100,10.38,overcast clouds
104,Luoyang,CN,34.68,112.45,70.02,72,0,4.74,light rain
105,Dwarka,IN,22.24,68.97,82.78,83,61,10.83,broken clouds
106,Samarai,PG,-10.62,150.67,77.88,87,85,20.29,overcast clouds
107,Thompson,CA,55.74,-97.86,42.8,70,90,17.22,light intensity shower rain
108,Leek,NL,53.16,6.38,61.0,87,82,4.7,broken clouds
109,Srednekolymsk,RU,67.45,153.68,37.67,78,0,8.05,clear sky
110,Avarua,CK,-21.21,-159.78,75.2,53,7,11.41,clear sky
111,Marpingen,DE,49.45,7.06,57.99,71,0,2.46,clear sky
112,Tocopilla,CL,-22.09,-70.2,65.01,52,22,8.93,few clouds
113,Vila Franca Do Campo,PT,37.72,-25.43,71.6,78,20,4.7,few clouds
114,Katangli,RU,51.71,143.23,51.19,95,100,6.08,overcast clouds
115,Prince Rupert,CA,54.32,-130.32,62.6,82,1,4.7,clear sky
116,Lakeside,US,30.13,-81.77,90.0,55,75,12.75,broken clouds
117,Krasnoselkup,RU,65.7,82.47,42.6,79,66,2.53,broken clouds
118,Brokopondo,SR,4.75,-55.17,87.98,57,21,0.87,few clouds
119,Saint-Philippe,RE,-21.36,55.77,69.8,100,90,20.8,light rain
120,Port Lincoln,AU,-34.73,135.87,57.43,76,100,8.93,overcast clouds
121,Ponta Do Sol,PT,32.67,-17.1,73.0,69,97,4.0,overcast clouds
122,Mar Del Plata,AR,-38.0,-57.56,53.6,71,0,12.75,clear sky
123,Nivala,FI,63.92,24.97,48.99,91,0,1.01,clear sky
124,Clyde River,CA,70.47,-68.59,37.4,86,90,11.41,overcast clouds
125,Moyale,KE,3.52,39.06,71.73,59,96,17.94,overcast clouds
126,Kassala,SD,15.45,36.4,86.88,50,66,11.01,broken clouds
127,Mana,GF,5.66,-53.78,82.45,84,77,8.52,broken clouds
128,Luganville,VU,-15.53,167.17,77.0,88,75,8.05,broken clouds
129,Bose,IT,45.46,8.01,64.0,89,0,3.0,clear sky
130,Corrente,BR,-3.74,-43.34,95.36,26,46,2.84,scattered clouds
131,Geraldton,AU,-28.77,114.6,44.6,93,75,9.17,broken clouds
132,Miami,US,25.77,-80.19,84.0,74,90,11.41,overcast clouds
133,Nikolskoye,RU,59.7,30.79,57.0,82,40,4.47,scattered clouds
134,Casma,CL,-41.01,-73.12,57.2,58,75,13.87,broken clouds
135,Keflavik,IS,64.0,-22.56,48.2,87,75,8.05,broken clouds
136,Lucea,JM,18.45,-78.17,84.2,83,40,3.36,light intensity shower rain
137,Atherton,GB,53.52,-2.49,63.0,92,100,4.0,overcast clouds
138,Banyo,CM,6.75,11.82,65.26,92,100,3.06,light rain
139,Jeremie,HT,18.65,-74.12,83.53,74,100,3.24,overcast clouds
140,Minot,US,48.23,-101.3,50.0,43,90,20.8,overcast clouds
141,Saint-Leu,RE,-21.15,55.28,69.8,100,90,20.8,light rain
142,Minusinsk,RU,53.71,91.69,44.6,93,20,2.24,fog
143,Peachland,CA,49.77,-119.74,73.4,25,1,27.51,clear sky
144,Raga,SS,8.46,25.68,70.86,90,98,2.75,overcast clouds
145,Arraial Do Cabo,BR,-22.97,-42.03,78.8,73,40,8.05,scattered clouds
146,Christchurch,NZ,-43.53,172.63,48.99,93,0,4.7,clear sky
147,Panguipulli,CL,-39.63,-72.33,59.0,62,75,9.17,broken clouds
148,Bogatoye,RU,53.06,51.33,57.15,43,0,3.58,clear sky
149,Martapura,ID,-3.42,114.85,75.2,100,75,2.24,broken clouds
150,Houlton,US,46.13,-67.84,73.4,49,75,14.99,broken clouds
151,Joshimath,IN,30.57,79.57,61.86,54,0,2.53,clear sky
152,Cockburn Town,TC,21.46,-71.14,86.0,66,40,11.41,scattered clouds
153,Tucuman,AR,-26.82,-65.22,66.2,59,75,3.06,broken clouds
154,Pacific Grove,US,36.62,-121.92,102.0,50,1,4.7,haze
155,Kollam,IN,8.88,76.6,80.6,83,40,2.75,haze
156,Hualmay,PE,-11.1,-77.61,65.19,67,15,10.04,few clouds
157,Okhotsk,RU,59.38,143.3,49.87,83,51,12.71,broken clouds
158,Severo-Kurilsk,RU,50.68,156.12,53.42,90,20,11.16,few clouds
159,Solano,US,38.23,-121.95,108.0,19,1,7.61,clear sky
160,Coari,BR,-4.08,-63.14,95.77,33,86,1.43,overcast clouds
161,Kungurtug,RU,50.6,97.52,45.43,83,96,2.64,overcast clouds
162,Klaksvik,FO,62.23,-6.59,51.8,87,12,21.92,few clouds
163,Bathsheba,BB,13.22,-59.52,87.8,70,40,12.75,scattered clouds
164,Inirida,CO,3.87,-67.92,89.91,57,58,2.04,broken clouds
165,Fayaoue,NC,-20.65,166.53,72.16,80,100,18.99,overcast clouds
166,Pisco,PE,-13.7,-76.22,66.99,77,8,9.17,clear sky
167,Shimoda,JP,34.67,138.95,73.0,94,6,9.95,clear sky
168,Yuzhno-Kurilsk,RU,44.03,145.86,65.26,98,100,0.83,overcast clouds
169,Semey,KZ,50.41,80.23,52.45,72,100,11.41,overcast clouds
170,Lavrentiya,RU,65.58,-171.0,43.84,73,100,18.61,overcast clouds
171,Sorong,ID,-0.88,131.25,77.18,88,85,8.32,overcast clouds
172,Podosinovets,RU,60.28,47.07,59.2,87,99,4.99,overcast clouds
173,Deputatskiy,RU,69.3,139.9,38.3,95,98,3.04,overcast clouds
174,Codrington,AU,-38.27,141.97,64.76,35,100,14.36,overcast clouds
175,Yerbogachen,RU,61.28,108.01,43.65,88,64,1.28,broken clouds
176,Dikson,RU,73.51,80.55,43.39,80,100,18.72,overcast clouds
177,San Cristobal,VE,7.77,-72.22,91.4,55,40,12.75,scattered clouds
178,Hithadhoo,MV,-0.6,73.08,82.69,77,97,13.42,overcast clouds
179,San Vicente,AR,-26.62,-54.13,64.8,86,100,3.27,light rain
180,Makungu,TZ,-8.73,35.28,60.26,63,0,3.13,clear sky
181,Los Llanos De Aridane,ES,28.66,-17.92,77.0,78,20,9.17,few clouds
182,Saint-Augustin,CA,51.23,-58.65,61.5,53,15,16.55,few clouds
183,Chuy,UY,-33.7,-53.46,56.17,73,93,8.93,overcast clouds
184,Lagoa,PT,39.05,-27.98,70.23,78,0,21.3,clear sky
185,Labrea,BR,-7.26,-64.8,105.57,12,5,3.29,clear sky
186,Ishigaki,JP,24.34,124.16,81.16,66,10,5.86,clear sky
187,Manzil Salim,TN,35.86,8.48,69.8,73,40,5.82,scattered clouds
188,Guerrero Negro,MX,27.98,-114.06,90.64,43,0,10.45,clear sky
189,Prabumulih,ID,-3.45,104.25,73.94,91,93,3.27,overcast clouds
190,Saldanha,ZA,-33.01,17.94,57.2,67,0,4.7,clear sky
191,Hay River,CA,60.82,-115.8,55.4,54,75,5.82,broken clouds
192,Natal,BR,-5.79,-35.21,82.4,61,20,17.22,few clouds
193,Yining,CN,29.04,114.56,70.11,88,5,0.47,clear sky
194,Whitehorse,CA,60.72,-135.05,57.2,50,75,17.22,broken clouds
195,Cidreira,BR,-30.18,-50.21,57.83,92,100,17.34,overcast clouds
196,Lisiy Nos,RU,60.02,30.02,57.0,82,40,4.47,scattered clouds
197,Porto Santo,PT,33.07,-16.34,73.4,78,20,5.82,few clouds
198,Noumea,NC,-22.28,166.46,71.01,82,75,13.87,broken clouds
199,Bilibino,RU,68.05,166.44,39.24,71,97,1.57,overcast clouds
200,Beira,MZ,-19.84,34.84,69.8,73,20,10.29,few clouds
201,Zhongshu,CN,24.52,103.77,61.36,91,54,1.97,broken clouds
202,Mitsamiouli,KM,-11.38,43.28,75.76,71,0,4.79,clear sky
203,Barcelona,ES,41.39,2.16,64.4,93,40,13.87,moderate rain
204,Aragarcas,BR,-15.9,-52.25,100.4,15,23,2.24,few clouds
205,Gao,ML,16.64,1.64,91.54,39,31,5.66,scattered clouds
206,Along,IN,28.17,94.77,72.57,89,100,0.27,moderate rain
207,Coihaique,CL,-45.58,-72.07,59.0,38,75,9.17,broken clouds
208,Kavieng,PG,-2.57,150.8,82.47,75,35,12.75,scattered clouds
209,Boa Vista,BR,2.82,-60.67,93.2,49,75,5.82,broken clouds
210,Laguna,US,38.42,-121.42,100.99,20,5,6.89,clear sky
211,Eau Claire,US,44.81,-91.5,59.0,54,90,5.82,moderate rain
212,Lakselv,NO,70.05,24.97,48.2,93,75,18.34,broken clouds
213,Irmo,US,34.09,-81.18,89.01,35,20,3.36,few clouds
214,Luchegorsk,RU,46.48,134.26,62.31,95,100,8.19,overcast clouds
215,Kraslava,LV,55.9,27.17,49.33,96,37,5.3,scattered clouds
216,San Patricio,MX,19.22,-104.7,86.0,74,75,11.41,broken clouds
217,Narsaq,GL,60.92,-46.05,51.8,66,20,1.12,few clouds
218,Vestmannaeyjar,IS,63.44,-20.27,50.32,76,96,16.67,overcast clouds
219,Makat,KZ,47.65,53.35,68.86,24,96,6.17,overcast clouds
220,Darnah,LY,32.77,22.64,76.98,75,0,12.1,clear sky
221,Tevaitoa,PF,-16.78,-151.5,78.44,78,47,15.79,scattered clouds
222,Belmonte,BR,-15.86,-38.88,77.0,69,75,13.87,broken clouds
223,Vostok,RU,46.49,135.88,57.13,98,100,5.53,moderate rain
224,Qaanaaq,GL,77.48,-69.36,24.24,80,15,7.45,few clouds
225,Gillette,US,44.29,-105.5,42.8,93,90,19.46,mist
226,Bansang,GM,13.43,-14.65,76.55,92,99,3.94,light rain
227,Saquena,PE,-4.67,-73.52,89.65,54,99,1.19,overcast clouds
228,Kuzino,RU,57.02,59.44,51.15,95,74,2.35,broken clouds
229,Maningrida,AU,-12.07,134.27,67.41,93,93,7.94,overcast clouds
230,Puerto Escondido,MX,15.85,-97.07,86.0,62,75,4.7,broken clouds
231,Shenjiamen,CN,29.96,122.3,77.97,75,0,11.99,clear sky
232,Russell,US,32.35,-85.2,89.6,38,20,4.7,few clouds
233,Moerai,PF,-22.43,-151.33,70.56,77,100,15.48,overcast clouds
234,Lakes Entrance,AU,-37.88,147.98,57.78,72,100,9.1,overcast clouds
235,Hasaki,JP,35.73,140.83,79.0,94,20,6.93,few clouds
236,Rimbey,CA,52.63,-114.24,50.0,57,75,12.75,broken clouds
237,Pemba,MZ,-12.97,40.52,74.05,72,0,14.09,clear sky
238,Poum,NC,-20.23,164.02,72.03,76,96,13.76,overcast clouds
239,Isangel,VU,-19.55,169.27,71.6,88,90,10.2,overcast clouds
240,Bambous Virieux,MU,-20.34,57.76,72.0,94,40,10.29,shower rain
241,China,MX,25.7,-99.23,90.61,46,100,10.27,overcast clouds
242,Puerto Madryn,AR,-42.77,-65.04,64.35,41,9,28.74,clear sky
243,Northam,GB,51.03,-4.22,62.01,94,100,11.99,overcast clouds
244,Adre,TD,13.47,22.2,72.93,76,100,3.04,overcast clouds
245,Heishan,CN,41.69,122.11,66.2,76,100,11.12,light rain
246,Savelugu,GH,9.62,-0.83,75.54,89,64,3.22,light rain
247,Tobermory,CA,45.25,-81.67,58.23,69,57,25.81,broken clouds
248,Lorengau,PG,-2.02,147.27,82.0,79,6,10.18,clear sky
249,Qinhuangdao,CN,39.93,119.59,69.94,69,97,7.34,light rain
250,College,US,64.86,-147.8,59.0,71,75,4.7,broken clouds
251,Akyab,MM,20.15,92.9,81.86,84,100,2.35,moderate rain
252,Bouna,CI,9.27,-3.0,73.62,91,94,4.45,light rain
253,Taitung,TW,22.76,121.14,78.66,70,0,4.29,clear sky
254,Sitka,US,57.05,-135.33,57.2,76,90,4.18,overcast clouds
255,Brus Laguna,HN,15.75,-84.48,87.33,66,93,6.4,light rain
256,Boyolangu,ID,-8.12,111.89,74.21,90,66,4.07,broken clouds
257,Portland,US,45.52,-122.68,82.0,58,6,1.01,clear sky
258,Bintulu,MY,3.17,113.03,77.0,94,40,3.36,light rain
259,Chifeng,CN,42.27,118.96,60.19,87,100,8.55,overcast clouds
260,Meulaboh,ID,4.14,96.13,77.81,85,100,2.84,overcast clouds
261,Linxia,CN,35.6,103.21,59.34,70,71,0.09,broken clouds
262,Zarubino,RU,42.63,131.09,66.78,93,100,21.47,overcast clouds
263,Sharan,RU,54.82,54.0,53.78,70,1,3.44,clear sky
264,Atar,MR,20.52,-13.05,98.33,28,28,10.18,scattered clouds
265,Kolpashevo,RU,58.31,82.91,41.88,94,75,3.74,broken clouds
266,Ballina,AU,-28.87,153.57,57.2,87,90,3.36,overcast clouds
267,North Bend,US,43.41,-124.22,64.4,72,1,9.17,clear sky
268,Bakchar,RU,57.02,82.07,41.4,96,100,3.51,overcast clouds
269,Maceio,BR,-9.67,-35.74,80.6,57,20,10.29,few clouds
270,Menongue,AO,-14.66,17.69,64.71,26,0,6.64,clear sky
271,Salalah,OM,17.02,54.09,80.6,83,40,5.82,scattered clouds
272,Rognan,NO,67.1,15.39,55.0,71,75,4.7,light rain
273,Balikpapan,ID,-1.27,116.83,75.58,91,100,3.06,moderate rain
274,Mattawa,US,46.74,-119.9,80.6,13,20,26.4,haze
275,Kununurra,AU,-15.77,128.73,71.6,36,68,5.82,broken clouds
276,Bambanglipuro,ID,-7.95,110.28,75.87,88,65,7.14,broken clouds
277,Vitim,RU,59.45,112.56,49.71,93,100,3.2,overcast clouds
278,Havre-Saint-Pierre,CA,50.23,-63.6,64.4,59,1,11.41,clear sky
279,Jining,CN,35.41,116.58,67.17,78,71,1.81,broken clouds
280,Kiama,AU,-34.68,150.87,60.01,71,5,5.01,clear sky
281,Bulancak,TR,40.94,38.23,73.4,88,20,4.7,few clouds
282,Santa Cruz,BO,-17.8,-63.17,80.6,36,75,11.41,broken clouds
283,Jinji,CN,23.23,110.83,76.84,93,97,3.15,overcast clouds
284,Saskylakh,RU,71.92,114.08,41.77,73,0,8.7,clear sky
285,Hirara,JP,24.8,125.28,81.03,65,32,5.68,scattered clouds
286,Monrovia,LR,6.3,-10.8,78.8,88,75,5.82,broken clouds
287,Kavaratti,IN,10.57,72.64,82.13,82,100,15.52,overcast clouds
288,Mankono,CI,8.06,-6.19,74.43,84,72,2.46,light rain
289,Cayenne,GF,4.93,-52.33,87.8,70,27,9.17,light rain
290,Buala,SB,-8.14,159.59,80.35,77,0,3.98,clear sky
291,Yaan,NG,7.38,8.57,74.97,90,72,3.51,light rain
292,Sakata,JP,38.92,139.85,79.63,72,11,5.14,few clouds
293,Cam Ranh,VN,11.92,109.16,82.4,83,20,3.36,few clouds
294,Mokhotlong,LS,-29.29,29.07,45.12,56,0,2.48,clear sky
295,Fortaleza,BR,-3.72,-38.52,82.4,61,69,16.11,broken clouds
296,Rovaniemi,FI,66.5,25.72,48.2,87,0,6.93,clear sky
297,Evensk,RU,61.95,159.23,45.86,82,100,15.88,overcast clouds
298,Dekar,BW,-21.53,21.93,65.53,28,0,7.96,clear sky
299,Qiongshan,CN,20.01,110.35,77.0,94,100,2.24,overcast clouds
300,Antalaha,MG,-14.9,50.28,67.87,85,15,8.25,few clouds
301,Bud,US,39.45,-86.18,84.99,69,75,8.05,broken clouds
302,Ostrovnoy,RU,68.05,39.51,51.89,84,93,12.68,overcast clouds
303,Gurlan,UZ,41.84,60.39,60.8,50,0,9.17,clear sky
304,Sergeyevka,KZ,53.88,67.42,44.62,81,45,5.75,scattered clouds
305,Hirado,JP,33.36,129.55,71.01,81,4,18.07,clear sky
306,Dhidhdhoo,MV,6.88,73.1,82.67,80,100,18.66,overcast clouds
307,Axim,GH,4.87,-2.24,74.98,91,49,7.63,scattered clouds
308,Katsuura,JP,35.13,140.3,82.99,92,7,5.01,clear sky
309,Pierre,US,44.37,-100.35,48.99,81,90,18.34,light rain
310,Buraydah,SA,26.33,43.98,91.4,18,0,6.93,clear sky
311,Mackay,AU,-21.15,149.2,66.0,93,75,8.05,broken clouds
312,Nouadhibou,MR,20.93,-17.03,82.4,74,100,8.05,overcast clouds
313,Mani,CO,4.82,-72.29,88.93,60,14,6.67,light rain
314,Tual,ID,-5.67,132.75,79.93,83,100,21.07,overcast clouds
315,Norman Wells,CA,65.28,-126.83,55.4,47,90,12.75,overcast clouds
316,Lompoc,US,34.64,-120.46,84.2,45,1,9.17,clear sky
317,Mathbaria,BD,22.29,89.96,81.37,87,100,5.26,overcast clouds
318,Awbari,LY,26.59,12.78,86.92,17,0,7.2,clear sky
319,Pitimbu,BR,-7.47,-34.81,80.6,65,20,14.99,few clouds
320,Calabozo,VE,8.92,-67.43,84.24,81,92,3.42,moderate rain
321,Rapu-Rapu,PH,13.19,124.13,83.57,76,100,8.1,overcast clouds
322,Arcachon,FR,44.59,-1.05,64.4,72,93,8.05,overcast clouds
323,Tsabong,BW,-26.02,22.4,71.2,23,0,11.74,clear sky
324,Ulladulla,AU,-35.35,150.47,48.99,100,0,4.7,clear sky
325,Pathein,MM,16.78,94.73,79.43,91,100,3.69,overcast clouds
326,Bella Union,UY,-30.28,-57.6,61.9,77,100,10.67,overcast clouds
327,Sterling,US,39.01,-77.43,84.99,45,1,5.82,clear sky
328,Vanimo,PG,-2.67,141.3,77.23,85,5,6.55,clear sky
329,Colares,PT,38.8,-9.45,80.01,39,55,6.93,broken clouds
330,Zhigansk,RU,66.77,123.37,39.18,89,0,12.12,clear sky
331,Pocone,BR,-16.26,-56.62,105.01,10,5,0.92,clear sky
332,Mildura,AU,-34.2,142.15,66.2,32,99,12.75,overcast clouds
333,Japura,ID,-0.32,102.35,72.32,95,0,1.92,clear sky
334,Sinjar,IQ,36.32,41.88,86.02,15,0,5.95,clear sky
335,Nejdek,CZ,50.32,12.73,53.01,81,0,2.24,clear sky
336,Arman,RU,59.7,150.17,46.24,87,0,3.71,clear sky
337,Guapi,CO,2.57,-77.89,80.35,85,41,7.87,moderate rain
338,Merke,KZ,42.87,73.18,55.38,37,27,1.28,scattered clouds
339,Nuuk,GL,64.18,-51.72,44.6,70,40,10.29,shower rain
340,Zhireken,RU,52.82,117.31,48.92,85,0,3.13,clear sky
341,Itoman,JP,26.12,127.67,78.8,88,40,3.36,scattered clouds
342,Moroto,UG,2.53,34.67,64.06,84,1,0.85,clear sky
343,Cartagena,CO,10.4,-75.51,84.2,83,40,10.29,shower rain
344,Padang,ID,-0.95,100.35,77.11,78,3,4.76,clear sky
345,Port Hardy,CA,50.7,-127.42,57.2,93,75,4.7,mist
346,Torbay,CA,47.67,-52.73,64.99,52,20,11.41,few clouds
347,Morehead,US,37.27,-87.18,89.6,48,1,8.05,clear sky
348,Asau,RO,46.43,26.4,64.99,85,0,4.38,clear sky
349,Beringovskiy,RU,63.05,179.32,45.05,69,79,11.25,broken clouds
350,Sorland,NO,67.67,12.69,51.8,87,75,16.11,light rain
351,Vila Velha,BR,-20.33,-40.29,79.0,74,20,19.46,few clouds
352,Qaqortoq,GL,60.72,-46.03,51.8,66,20,1.12,few clouds
353,Ondjiva,AO,-17.07,15.73,70.34,22,0,6.76,clear sky
354,Labuhan,ID,-6.88,112.21,76.96,84,5,6.62,clear sky
355,Balkhash,KZ,46.84,74.98,56.52,48,0,5.23,clear sky
356,Vanavara,RU,60.34,102.28,45.19,84,100,6.4,overcast clouds
357,Tilichiki,RU,60.47,166.1,43.56,86,100,5.23,overcast clouds
358,Silifke,TR,36.38,33.93,82.98,43,0,3.29,clear sky
359,Nieuwpoort,BE,51.12,2.77,61.0,82,75,8.05,broken clouds
360,Havelock,US,34.88,-76.9,86.0,55,20,9.17,few clouds
361,Berlevag,NO,70.86,29.09,46.4,93,75,2.24,broken clouds
362,Vikhorevka,RU,56.12,101.16,53.01,87,100,2.24,light rain
363,Moron,AR,-34.65,-58.62,62.6,48,54,13.87,broken clouds
364,Mangan,IN,27.52,88.53,74.95,54,87,1.1,overcast clouds
365,Kirakira,SB,-10.45,161.92,78.8,81,2,6.44,light rain
366,Sao Filipe,CV,14.9,-24.5,79.18,82,100,11.88,light rain
367,Rabo De Peixe,PT,37.8,-25.58,71.6,78,20,4.7,few clouds
368,Banepa,NP,27.63,85.52,71.6,94,75,3.36,thunderstorm
369,Bontang,ID,0.13,117.5,75.92,91,100,5.17,moderate rain
370,Monywa,MM,22.12,95.13,79.3,86,100,1.14,overcast clouds
371,Sarakhs,IR,36.54,61.16,68.0,30,0,2.24,clear sky
372,Tulagi,SB,-9.1,160.15,71.6,100,40,2.24,scattered clouds
373,Port-Cartier,CA,50.03,-66.87,59.0,67,75,13.87,broken clouds
374,Pajan,EC,-1.57,-80.42,82.44,55,100,7.99,overcast clouds
375,Bardiyah,LY,31.76,25.09,75.34,70,0,8.79,clear sky
376,Dunedin,NZ,-45.87,170.5,53.01,63,0,4.27,clear sky
377,Taber,CA,49.82,-112.15,46.4,61,75,17.22,broken clouds
378,Batemans Bay,AU,-35.72,150.18,46.0,93,4,8.95,clear sky
379,Olafsvik,IS,64.89,-23.71,46.62,73,8,5.46,clear sky
380,Porto Novo,BJ,6.5,2.6,78.8,83,40,14.99,scattered clouds
381,Neryungri,RU,56.67,124.65,43.72,91,1,3.24,clear sky
382,Gribanovskiy,RU,51.46,41.98,55.99,43,97,7.2,overcast clouds
383,Nueve De Julio,AR,-35.44,-60.88,63.0,55,0,4.0,clear sky
384,Mogadishu,SO,2.04,45.34,76.42,77,1,14.63,clear sky
385,Saint-Pierre,RE,-21.34,55.48,69.8,100,90,20.8,light rain
386,Hofn,IS,64.25,-15.21,51.8,53,20,16.11,few clouds
387,Sinnamary,GF,5.38,-52.95,81.86,84,84,10.85,moderate rain
388,Montepuez,MZ,-13.13,39.0,65.8,76,1,7.65,clear sky
389,Port Blair,IN,11.67,92.75,82.0,80,100,6.33,heavy intensity rain
390,San Policarpo,PH,12.18,125.51,82.99,76,33,4.7,scattered clouds
391,Pangnirtung,CA,66.15,-65.71,44.6,60,20,11.41,few clouds
392,Sioux Lookout,CA,50.1,-91.92,48.2,61,40,13.87,light intensity shower rain
393,Ixtapa,MX,20.7,-105.2,86.0,70,75,4.7,broken clouds
394,Maple Creek,CA,49.92,-109.48,50.2,47,89,20.47,overcast clouds
395,Bucerias,MX,20.75,-105.33,86.0,70,75,4.7,broken clouds
396,Sao Joao Da Barra,BR,-21.64,-41.05,82.4,61,0,12.75,clear sky
397,Iralaya,HN,15.0,-83.23,87.8,74,40,8.05,scattered clouds
398,Thinadhoo,MV,0.53,72.93,82.65,77,94,12.48,overcast clouds
399,Palauig,PH,15.44,119.9,81.45,75,92,3.74,overcast clouds
400,Rio Gallegos,AR,-51.62,-69.22,51.8,50,100,9.17,overcast clouds
401,Port Augusta,AU,-32.5,137.77,60.8,72,73,11.41,broken clouds
402,Presidencia Roque Saenz Pena,AR,-26.79,-60.44,74.08,45,8,8.68,clear sky
403,Nanning,CN,22.82,108.32,78.8,88,20,4.47,light rain
404,Lopsmarka,NO,67.31,14.45,55.0,71,75,4.7,light rain
405,Sistranda,NO,63.73,8.83,53.6,87,75,19.46,light intensity drizzle
406,Anse-Bertrand,GP,16.47,-61.51,87.8,66,75,9.17,broken clouds
407,Qobustan,AZ,40.08,49.41,77.0,73,20,13.87,few clouds
408,Haines Junction,CA,60.75,-137.51,51.73,64,100,6.22,overcast clouds
409,Qasigiannguit,GL,68.82,-51.19,39.2,80,75,9.17,shower rain
410,Puerto Padre,CU,21.2,-76.6,87.8,66,75,5.82,broken clouds
411,Lasa,IT,46.62,10.7,57.99,87,40,3.36,scattered clouds
412,Ukiah,US,39.15,-123.21,107.01,17,1,11.23,haze
413,Zhezkazgan,KZ,47.8,67.71,56.7,51,1,6.69,clear sky
414,Koygorodok,RU,60.45,51.0,56.03,89,100,5.48,overcast clouds
415,Sirvintos,LT,55.05,24.95,52.0,81,0,8.05,clear sky
416,Verkhnyaya Inta,RU,65.98,60.31,58.19,74,100,9.57,overcast clouds
417,Marrakesh,MA,31.63,-8.01,93.2,30,0,11.41,clear sky
418,Aktash,RU,50.3,87.73,26.91,96,37,3.06,scattered clouds
419,Lahij,YE,13.17,44.58,86.7,48,88,6.22,overcast clouds
420,Davenda,RU,53.56,119.32,49.6,89,0,2.91,clear sky
421,Kumi,KR,36.11,128.34,73.4,83,1,5.82,clear sky
422,Ranong,TH,9.97,98.63,80.53,83,100,7.7,moderate rain
423,Hokitika,NZ,-42.72,170.97,46.36,68,0,4.99,clear sky
424,Oktyabrskoye,RU,43.06,44.74,66.2,93,13,2.24,few clouds
425,Makakilo City,US,21.35,-158.09,82.4,69,75,5.82,broken clouds
426,Mayo,US,38.89,-76.51,82.4,61,1,5.82,clear sky
427,Hobyo,SO,5.35,48.53,76.3,80,47,25.64,scattered clouds
428,Xuanhua,CN,40.61,115.04,61.3,60,0,5.7,clear sky
429,Cururupu,BR,-1.83,-44.87,83.62,66,34,6.42,scattered clouds
430,Boende,CD,-0.22,20.87,73.26,91,2,0.18,light rain
431,Sur,OM,22.57,59.53,85.44,62,9,12.93,clear sky
432,Mandera,KE,3.94,41.87,81.37,50,62,19.73,broken clouds
433,Igrim,RU,63.19,64.42,50.9,59,99,5.08,overcast clouds
434,Honningsvag,NO,70.98,25.97,48.2,87,75,2.24,broken clouds
435,Phan Thiet,VN,10.93,108.1,78.39,82,62,2.93,broken clouds
436,San Andres,CO,12.58,-81.7,80.6,88,40,9.17,moderate rain
437,Ribas Do Rio Pardo,BR,-20.44,-53.76,100.15,10,62,2.8,broken clouds
438,Tambura,SS,5.6,27.47,69.42,91,100,3.58,overcast clouds
439,Vao,NC,-22.67,167.48,69.12,79,100,25.81,light rain
440,Ponta Delgada,PT,37.73,-25.67,71.6,78,20,4.7,few clouds
441,Honiara,SB,-9.43,159.95,71.6,100,40,2.24,scattered clouds
442,Rassvet,RU,46.83,40.75,68.45,33,0,5.73,clear sky
443,Monroe,US,43.15,-77.68,75.99,60,90,9.17,overcast clouds
444,Trincomalee,LK,8.57,81.23,81.19,79,100,14.43,overcast clouds
445,Smithers,CA,54.78,-127.17,57.2,67,20,5.82,few clouds
446,Chitose,JP,42.82,141.65,73.4,100,75,8.05,mist
447,Guaruja,BR,-23.99,-46.26,73.99,83,75,6.93,mist
448,Gari,RU,59.43,62.35,43.05,74,0,3.78,clear sky
449,Ternovka,RU,51.68,41.64,62.08,37,100,7.56,light rain
450,Harper,LR,4.38,-7.72,76.93,88,55,10.49,broken clouds
451,Taoudenni,ML,22.68,-3.98,102.88,16,98,18.5,overcast clouds
452,Airai,TL,-8.93,125.41,56.28,66,100,3.53,overcast clouds
453,Borba,BR,-4.39,-59.59,101.37,22,20,1.83,few clouds
454,Jingdezhen,CN,29.29,117.21,69.76,87,16,0.78,few clouds
455,Fort Erie,CA,42.9,-78.93,73.99,64,90,21.92,overcast clouds
456,Ulety,RU,51.36,112.48,51.33,84,0,1.32,clear sky
457,Georgiyevka,KZ,43.04,74.71,46.4,75,61,4.47,broken clouds
458,Shelburne,CA,44.08,-80.2,66.99,63,90,10.29,overcast clouds
459,Mehamn,NO,71.04,27.85,46.4,93,75,4.7,broken clouds
460,Iquique,CL,-20.22,-70.14,60.8,67,90,12.75,overcast clouds
461,Salinas,US,36.68,-121.66,102.0,30,1,6.82,haze
462,Ayagoz,KZ,47.97,80.44,49.46,46,99,8.59,overcast clouds
463,Shakiso,ET,5.75,38.92,59.77,77,87,2.21,overcast clouds
464,Santa Fe,AR,-31.63,-60.7,71.01,31,0,7.0,clear sky
465,Dromolaxia,CY,34.88,33.59,84.99,66,0,8.05,clear sky
466,Ambilobe,MG,-13.2,49.05,68.76,81,1,2.24,clear sky
467,Les Cayes,HT,18.2,-73.75,84.0,71,100,4.83,overcast clouds
468,Adrar,MR,20.5,-10.07,99.05,15,0,4.18,clear sky
469,Linhai,CN,28.85,121.12,72.0,65,0,1.34,clear sky
470,Timmins,CA,48.47,-81.33,55.4,54,75,20.8,broken clouds
471,Durban,ZA,-29.86,31.03,66.99,82,40,8.05,scattered clouds
472,Araouane,ML,18.9,-3.53,102.29,16,96,8.59,overcast clouds
473,Birao,CF,10.28,22.79,71.85,93,100,2.59,overcast clouds
474,Ambon,ID,-3.7,128.18,78.01,15,99,9.4,light rain
475,Daur,PK,26.46,68.32,86.0,70,0,9.17,haze
476,Garowe,SO,8.41,48.48,76.82,63,100,20.36,overcast clouds
477,Santa Vitoria,BR,-18.84,-50.12,93.58,16,0,2.75,clear sky
478,Chiredzi,ZW,-21.05,31.67,65.07,44,0,3.74,clear sky
479,Kumba,CM,4.64,9.45,72.12,93,100,3.65,light rain
480,Muroto,JP,33.28,134.15,80.53,79,12,16.28,few clouds
481,Izberbash,RU,42.57,47.86,69.8,88,40,4.47,scattered clouds
482,Havoysund,NO,71.0,24.66,50.0,87,75,2.24,broken clouds
483,Kibala,TD,9.11,18.35,69.75,93,71,2.3,broken clouds
484,Blackwater,AU,-23.58,148.88,58.33,87,0,8.63,clear sky
485,Sakaiminato,JP,35.55,133.23,75.2,78,20,2.24,few clouds
486,Dese,ET,11.13,39.63,54.84,66,6,1.25,clear sky
487,Nanortalik,GL,60.14,-45.24,43.29,75,1,19.77,clear sky
488,Shakhtne,UA,47.98,38.28,68.09,29,0,4.34,clear sky
489,Motygino,RU,58.18,94.76,46.53,93,100,0.47,overcast clouds
490,Three Hills,CA,51.7,-113.27,55.0,46,90,15.32,overcast clouds
491,Necochea,AR,-38.55,-58.74,60.01,44,27,11.01,scattered clouds
492,Svetlogorsk,BY,52.63,29.73,53.08,94,100,9.01,light rain
493,Korla,CN,41.76,86.15,75.99,63,46,4.0,scattered clouds
494,Burlatskoye,RU,45.06,43.63,69.93,62,0,6.42,clear sky
495,Tuy Hoa,VN,13.08,109.3,79.18,82,82,4.16,broken clouds
496,Quatre Cocos,MU,-20.21,57.76,72.0,94,40,10.29,shower rain
497,Nhulunbuy,AU,-12.23,136.77,77.0,83,90,10.29,overcast clouds
498,Puebloviejo,CO,10.99,-74.28,87.8,79,40,4.7,thunderstorm
499,Ramnagar,IN,29.4,79.12,78.01,76,0,3.2,clear sky
500,Berdigestyakh,RU,62.1,126.7,37.06,95,0,4.14,clear sky
501,Sola,VU,-13.88,167.55,79.2,81,100,22.53,overcast clouds
502,Shingu,JP,33.73,135.98,75.54,91,13,4.38,light rain
503,Alofi,NU,-19.06,-169.92,71.6,73,75,13.87,broken clouds
504,Tazovskiy,RU,67.47,78.7,44.87,90,37,7.14,scattered clouds
505,Manavalakurichi,IN,8.13,77.3,80.6,83,40,11.59,haze
506,Tsirguliina,EE,57.86,26.19,54.0,93,100,4.7,light rain
507,Biak,ID,-0.91,122.88,75.78,85,99,5.88,overcast clouds
508,Mount Gambier,AU,-37.83,140.77,62.6,48,90,12.75,light rain
509,Cabedelo,BR,-6.98,-34.83,80.6,65,20,14.99,few clouds
510,Kaoma,ZM,-14.78,24.8,60.51,32,0,4.88,clear sky
511,Salihorsk,BY,52.79,27.54,49.26,95,100,6.06,overcast clouds
512,Copiapo,CL,-27.37,-70.33,60.8,59,0,12.75,clear sky
513,Amahai,ID,-3.33,128.92,75.96,86,99,2.08,overcast clouds
514,Waipawa,NZ,-41.41,175.52,42.01,86,0,4.7,clear sky
515,Praia,CV,14.92,-23.51,80.6,74,75,3.36,broken clouds
516,Ryde,GB,50.73,-1.16,64.0,90,100,4.0,overcast clouds
517,Gustrow,DE,53.8,12.17,57.0,76,75,4.7,broken clouds
518,Okha,RU,53.57,142.95,50.79,95,16,6.42,few clouds
519,Half Moon Bay,US,37.46,-122.43,100.0,68,1,12.75,haze
520,Luderitz,NA,-26.65,15.16,65.14,54,0,2.51,clear sky
521,San Rafael,AR,-34.62,-68.33,68.49,26,24,17.22,few clouds
522,Egvekinot,RU,66.32,-179.17,37.71,75,100,5.19,overcast clouds
523,Basco,PH,20.45,121.97,83.35,70,13,6.2,few clouds
524,Richards Bay,ZA,-28.78,32.04,66.24,80,0,2.75,clear sky
525,Yazoo City,US,32.86,-90.41,91.4,43,1,4.7,clear sky
526,Fort Nelson,CA,58.81,-122.7,55.4,66,75,5.82,broken clouds
527,Erdenet,MN,49.03,104.08,49.69,84,71,3.67,broken clouds
528,Kango,GA,0.19,10.1,75.11,85,100,3.2,overcast clouds
529,Celakovice,CZ,50.16,14.75,57.0,66,0,1.12,clear sky
530,Hambantota,LK,6.12,81.12,80.56,80,95,15.57,overcast clouds
531,Camacha,PT,33.08,-16.33,73.4,78,20,5.82,few clouds
532,Neuquen,AR,-38.95,-68.06,64.4,45,27,3.36,scattered clouds
533,Zelino,MK,41.98,21.06,71.6,73,79,3.76,broken clouds
534,Estacion Coahuila,MX,32.19,-115.0,105.01,42,5,9.17,clear sky
535,Saint-Francois,FR,46.42,3.91,62.01,48,0,4.7,clear sky
536,Marsh Harbour,BS,26.54,-77.06,83.39,72,100,6.29,moderate rain
537,Vicosa,BR,-20.75,-42.88,79.07,42,0,2.89,clear sky
538,Katobu,ID,-4.94,122.53,73.74,92,93,4.59,overcast clouds
539,Kawardha,IN,22.02,81.25,80.15,75,100,2.91,overcast clouds
540,Emerald,AU,-23.53,148.17,59.0,82,0,9.17,clear sky
541,Husavik,IS,66.04,-17.34,44.6,65,75,10.29,broken clouds
542,Edson,CA,53.58,-116.44,46.4,70,40,3.36,scattered clouds
543,Kinsale,IE,51.71,-8.53,62.6,88,75,9.17,broken clouds
544,Akdepe,TM,42.06,59.38,60.8,31,41,9.17,scattered clouds
545,Akcakoca,TR,41.09,31.12,69.6,80,0,3.58,clear sky
546,Hearst,CA,49.68,-83.67,47.57,62,100,18.41,overcast clouds
547,Lukovetskiy,RU,64.3,41.92,51.8,93,40,2.24,scattered clouds
548,Saint Anthony,US,45.02,-93.22,57.2,71,90,6.93,light rain
549,Oktyabrskiy,RU,54.48,53.47,54.25,66,9,2.93,clear sky
550,Sinaloa,MX,25.0,-107.5,90.0,66,100,1.99,moderate rain
551,Weingarten,DE,47.8,9.63,57.2,76,0,2.24,clear sky
552,Ugoofaaru,MV,5.67,73.0,82.53,79,100,16.02,overcast clouds
553,Arlit,NE,18.74,7.39,90.32,35,99,14.43,overcast clouds
554,Riyadh,SA,24.69,46.72,89.6,21,0,3.36,clear sky
555,Mubi,NG,10.27,13.26,72.48,85,0,2.64,clear sky
556,At-Bashi,KG,41.17,75.81,44.85,47,28,0.45,scattered clouds
557,Krasnyy Chikoy,RU,50.36,108.75,48.49,85,0,3.29,clear sky
558,Cap-Chat,CA,49.1,-66.68,69.08,49,99,22.44,overcast clouds
559,Nawa,IN,27.02,75.0,82.22,60,0,8.28,clear sky
560,Nakhon Phanom,TH,17.41,104.78,77.36,92,100,4.27,overcast clouds
561,Ust-Kan,RU,50.93,84.76,35.2,85,100,7.16,overcast clouds
562,Jian,CN,27.12,114.98,70.95,93,46,0.85,scattered clouds
563,Biltine,TD,14.53,20.92,76.01,71,100,10.96,light rain
564,Amboasary,MG,-25.03,46.38,69.8,94,40,11.41,shower rain
565,Inhambane,MZ,-23.86,35.38,64.4,93,20,3.36,few clouds
566,Barga,IT,44.07,10.48,72.0,87,0,6.35,clear sky
567,Ippy,CF,6.27,21.22,70.02,90,94,1.97,overcast clouds
568,Kudahuvadhoo,MV,2.67,72.89,82.85,78,94,12.5,overcast clouds
569,Tsiroanomandidy,MG,-18.77,46.03,65.07,50,46,4.63,scattered clouds
570,Lazaro Cardenas,MX,17.96,-102.2,84.6,72,6,8.77,clear sky
571,Lyubytino,RU,58.81,33.39,53.83,90,100,4.7,light rain
572,Ca Mau,VN,9.18,105.15,79.11,85,59,4.05,broken clouds
573,Grand Gaube,MU,-20.01,57.66,72.0,86,88,5.99,overcast clouds
574,Faya,SA,18.39,42.45,75.2,18,22,5.82,few clouds
575,The Pas,CA,53.83,-101.25,44.6,64,90,16.11,overcast clouds
576,Tombouctou,ML,20.0,-3.0,101.77,16,4,8.25,clear sky
577,Chicama,PE,-7.84,-79.15,72.01,54,8,10.33,clear sky
578,Narrabri,AU,-30.32,149.78,51.8,76,0,1.12,clear sky
579,Hamilton,US,39.18,-84.53,88.0,55,1,13.87,clear sky
580,Rocha,UY,-34.48,-54.33,56.19,73,10,9.55,clear sky
581,Xacmaz,AZ,41.46,48.81,70.86,70,100,3.8,overcast clouds
582,Mugur-Aksy,RU,50.35,90.5,36.12,75,42,5.57,scattered clouds
583,Scarborough,GB,54.28,-0.4,61.0,89,99,1.99,overcast clouds
584,Kefalos,GR,36.75,26.96,77.0,78,0,8.05,clear sky
585,Phangnga,TH,8.45,98.53,80.6,88,40,2.82,scattered clouds
586,Klamath Falls,US,42.22,-121.78,89.01,18,1,8.05,clear sky
587,San Quintin,MX,30.48,-115.95,81.7,54,0,11.45,clear sky
588,Wenling,CN,28.37,121.36,78.01,85,0,6.64,clear sky
589,Mecca,SA,21.43,39.83,89.31,52,31,2.95,scattered clouds
590,Long Beach,US,33.77,-118.19,81.0,88,90,11.41,overcast clouds
591,Fruitville,US,27.33,-82.46,89.6,62,20,11.41,thunderstorm
592,Talnakh,RU,69.49,88.4,46.4,100,10,11.18,clear sky
593,Belaya Gora,RU,68.53,146.42,38.43,77,89,10.04,overcast clouds
594,Gazli,UZ,40.13,63.45,62.01,28,0,16.53,clear sky
595,Aksu,CN,41.12,80.26,65.14,32,0,1.03,clear sky
596,Aginskoye,RU,51.1,114.53,52.41,79,0,3.83,clear sky
597,Darhan,MN,49.49,105.92,54.95,76,73,3.38,broken clouds
598,Estelle,US,29.85,-90.11,91.99,62,75,5.82,broken clouds
599,Tuensang,IN,26.28,94.83,70.43,84,88,1.7,overcast clouds
600,Chingirlau,KZ,51.09,54.08,58.39,43,0,3.87,clear sky
601,Bloomsburg,US,41.0,-76.45,81.0,53,43,1.01,scattered clouds
602,Nome,US,64.5,-165.41,50.0,93,90,8.05,light rain
603,Lafia,NG,8.48,8.52,75.52,94,95,4.29,moderate rain
604,Tigil,RU,57.8,158.67,46.94,94,100,9.64,overcast clouds
605,Kirya,TZ,-3.92,37.48,68.43,69,9,5.88,clear sky
606,Saint-Joseph,RE,-21.37,55.62,69.8,100,90,20.8,mist
607,Surab,PK,28.49,66.26,69.66,23,0,3.71,clear sky
608,La Ronge,CA,55.1,-105.28,39.2,69,90,8.05,overcast clouds
609,Sonoita,MX,31.85,-112.83,99.0,33,0,20.07,clear sky
610,Tarime,TZ,-1.35,34.37,62.19,94,100,4.99,moderate rain
611,Chara,RU,56.91,118.26,49.66,85,0,0.13,clear sky
612,Metro,ID,-5.11,105.31,73.87,91,22,3.71,few clouds
613,Bentiu,SS,9.23,29.83,71.06,96,100,2.28,overcast clouds
614,Camacupa,AO,-12.02,17.48,68.27,25,0,2.26,clear sky
615,Guarapari,BR,-20.67,-40.5,79.0,82,0,17.0,clear sky
616,Itarema,BR,-2.92,-39.92,80.44,68,55,18.3,broken clouds
617,Sisimiut,GL,66.94,-53.67,41.38,68,46,6.44,scattered clouds
618,Madang,PG,-5.22,145.8,77.16,88,41,1.5,scattered clouds
619,Seoul,KR,37.57,126.98,71.6,68,90,18.28,overcast clouds
620,Kattivakkam,IN,13.22,80.32,78.8,83,75,4.7,mist
621,Keffi,NG,8.85,7.87,71.6,94,40,5.82,thunderstorm with light rain
622,Clarence Town,AU,-32.58,151.78,52.0,93,2,4.7,clear sky
623,Fallon,US,39.47,-118.78,93.2,9,1,6.93,clear sky
624,Flin Flon,CA,54.77,-101.86,42.8,70,75,16.11,light rain
625,Strangnas,SE,59.38,17.03,57.2,58,97,9.17,overcast clouds
626,Paka,MY,4.64,103.44,75.2,100,73,6.22,broken clouds
627,Ulaanbaatar,MN,47.91,106.88,48.2,76,0,2.24,clear sky
628,Peniche,PT,39.36,-9.38,75.99,69,75,1.01,broken clouds
629,Terrace,CA,54.52,-128.6,60.8,67,20,16.11,few clouds
630,Gorontalo,ID,0.54,123.06,73.92,88,93,2.04,overcast clouds
631,Say,NE,13.1,2.37,82.4,74,20,3.36,few clouds
632,Asosa,ET,10.07,34.53,60.62,100,70,1.43,light rain
633,Shubarshi,KZ,48.59,57.19,62.15,39,0,7.61,clear sky
634,Ngunguru,NZ,-35.62,174.5,54.3,72,48,11.74,scattered clouds
635,Pa Sang,TH,18.53,98.94,78.8,88,40,2.24,scattered clouds
636,Ternate,ID,0.8,127.4,79.79,79,96,3.89,light rain
637,Goure,NE,13.98,10.27,89.67,41,35,2.55,scattered clouds
638,Moussoro,TD,13.64,16.49,87.06,55,1,5.97,clear sky
639,Kruisfontein,ZA,-34.0,24.73,60.01,88,0,3.0,clear sky
640,Coachella,US,33.68,-116.17,102.99,38,0,1.99,clear sky
641,Aklavik,CA,68.22,-135.01,46.4,75,90,10.29,light intensity shower rain
642,Benguela,AO,-12.58,13.41,73.26,76,69,3.47,broken clouds
643,Craig,US,40.52,-107.55,84.2,9,1,9.17,clear sky
644,Mahanoro,MG,-19.9,48.8,66.87,91,36,6.17,scattered clouds
645,Marzuq,YE,14.4,46.47,78.93,60,6,6.22,clear sky
646,Najran,SA,17.49,44.13,84.2,25,31,5.82,scattered clouds
647,Bauchi,NG,10.5,10.0,74.07,87,100,5.14,moderate rain
648,Chunskiy,RU,56.08,99.63,50.25,96,100,5.55,moderate rain
649,Tono,JP,39.32,141.53,71.89,89,0,2.26,clear sky
650,Chinhoyi,ZW,-17.37,30.2,57.63,46,0,5.19,clear sky
651,Rock Sound,BS,24.9,-76.2,84.09,68,100,4.79,overcast clouds
652,Eskil,TR,38.4,33.41,63.27,52,0,2.35,clear sky
653,Atamanovka,RU,51.93,113.63,42.8,93,0,2.24,clear sky
654,Kumbo,CM,6.2,10.67,58.98,95,94,4.21,light rain
655,Elizabeth City,US,36.29,-76.25,86.0,62,20,13.87,few clouds
656,Lebanon,US,36.21,-86.29,87.8,43,1,4.7,clear sky
657,Marfino,RU,55.7,37.38,68.0,72,92,6.71,overcast clouds
658,Kamaishi,JP,39.27,141.88,76.08,85,0,7.45,clear sky
659,High Level,CA,58.52,-117.14,53.6,71,75,8.05,broken clouds
660,Payson,US,40.04,-111.73,91.99,30,1,5.82,smoke
661,Vila,PT,42.03,-8.16,78.01,56,19,8.05,few clouds
662,Mabaruma,GY,8.2,-59.78,82.56,76,100,2.01,light rain
663,Sawakin,SD,19.11,37.33,91.63,51,0,2.33,clear sky
664,Magadan,RU,59.57,150.8,46.24,86,3,3.98,clear sky
665,Luang Prabang,LA,19.89,102.13,75.42,89,100,1.23,light rain
666,Iqaluit,CA,63.75,-68.51,42.8,75,20,4.7,few clouds
667,Moses Lake,US,47.13,-119.28,78.8,21,1,33.33,smoke
668,Aden,YE,12.78,45.04,87.12,72,0,12.28,clear sky
669,Hjorring,DK,57.46,9.98,57.0,73,100,4.0,overcast clouds
670,Moindou,NC,-21.69,165.68,66.2,82,75,13.87,broken clouds
671,Arvika,SE,59.66,12.59,55.99,71,100,16.11,light rain
672,Isabela,PH,6.71,121.97,79.34,80,99,2.33,moderate rain
673,Senador Jose Porfirio,BR,-2.59,-51.95,90.57,46,100,3.62,overcast clouds
674,Pensacola,US,30.42,-87.22,91.99,62,1,8.05,clear sky
675,Gerstetten,DE,48.63,10.03,54.0,82,0,3.85,clear sky
676,Am Timan,TD,11.03,20.28,72.81,90,76,2.68,broken clouds
677,Teahupoo,PF,-17.83,-149.27,80.01,74,40,8.05,scattered clouds
678,May Pen,JM,17.96,-77.25,87.8,70,20,14.99,few clouds
679,Severo-Yeniseyskiy,RU,60.37,93.04,43.81,87,99,3.27,overcast clouds
680,Ahuimanu,US,21.44,-157.84,82.4,74,40,10.29,light rain
681,Campina Verde,BR,-19.54,-49.49,96.04,14,0,2.86,clear sky
682,Mazyr,BY,52.05,29.25,54.61,91,100,10.04,light rain
683,Khani,GE,41.96,42.96,71.6,94,40,3.36,scattered clouds
684,Yeppoon,AU,-23.13,150.73,62.6,82,87,8.05,light rain
685,Santo Andre,BR,-23.66,-46.54,84.2,57,95,13.87,overcast clouds
686,Sulangan,PH,11.14,123.72,83.95,75,100,6.22,moderate rain
687,Chongwe,ZM,-15.33,28.68,58.19,42,0,4.99,clear sky
688,Reforma,MX,18.1,-91.02,86.94,70,14,5.91,few clouds
689,Mayor Pablo Lagerenza,PY,-19.93,-60.77,81.93,41,100,9.15,overcast clouds
690,Wajima,JP,37.4,136.9,81.43,75,0,12.86,clear sky
691,Port Hedland,AU,-20.32,118.57,68.0,100,0,4.7,clear sky
692,Khowai,IN,24.1,91.63,76.8,96,99,5.5,overcast clouds
693,Mercedes,AR,-34.65,-59.43,66.0,53,0,4.0,clear sky
694,Kautokeino,NO,69.01,23.04,47.01,80,100,13.67,overcast clouds
695,Canberra,AU,-35.28,149.13,46.99,83,42,2.73,scattered clouds
696,Koungou,YT,-12.73,45.2,75.2,73,0,10.29,clear sky
697,Guantanamo,CU,20.14,-75.21,89.6,70,75,14.99,shower rain
698,Godean,ID,-7.77,110.29,73.71,91,68,1.74,broken clouds
699,Brewster,US,41.4,-73.62,77.0,53,1,13.87,clear sky
700,Tubuala,PA,9.52,-79.03,80.01,88,75,5.82,broken clouds
701,Oranjemund,NA,-28.55,16.43,61.65,64,0,1.34,clear sky
702,Toamasina,MG,-18.17,49.38,68.0,88,40,4.7,scattered clouds
703,Corinto,GR,37.94,22.96,78.01,44,0,1.01,clear sky
704,Yulara,AU,-25.24,130.99,62.6,29,0,6.96,clear sky
705,Chibuto,MZ,-24.69,33.53,62.89,70,0,5.55,clear sky
